GeneId,Prediction
1,0.28573
2,0.51419
3,0.99691
4,0.00220
5,0.00505
6,0.91901
7,0.00044
8,0.00036
9,0.99564
10,0.00053
11,0.99302
12,0.92974
13,0.00067
14,0.90767
15,0.99635
16,0.99889
17,0.95162
18,0.99921
19,0.99985
20,0.69472
21,0.94431
22,0.04467
23,0.99195
24,0.00181
25,0.00033
26,0.99852
27,0.00108
28,0.10608
29,0.00740
30,0.99991
31,0.99392
32,0.00188
33,0.00166
34,0.99861
35,0.88327
36,0.00237
37,0.01250
38,0.01014
39,0.32103
40,0.00080
41,0.99645
42,0.17318
43,0.99753
44,0.85833
45,0.99981
46,0.99967
47,0.93767
48,0.90888
49,0.99901
50,0.01748
51,0.99926
52,0.28652
53,0.99792
54,0.99956
55,0.99993
56,0.99950
57,0.00020
58,0.41132
59,0.99330
60,0.99598
61,0.83813
62,0.00042
63,0.91647
64,0.94536
65,0.00791
66,0.19248
67,0.98420
68,0.00841
69,0.98491
70,0.99903
71,0.00339
72,0.04020
73,0.00070
74,0.97787
75,0.00565
76,0.00579
77,0.01310
78,0.99824
79,0.95126
80,0.98658
81,0.99962
82,0.01028
83,0.99778
84,0.99909
85,0.99256
86,0.99943
87,0.99783
88,0.00180
89,0.99746
90,0.00057
91,0.99976
92,0.06545
93,0.00425
94,0.79896
95,0.99916
96,0.99987
97,0.08023
98,0.99895
99,0.47950
100,0.91842
101,0.99591
102,0.99127
103,0.99919
104,0.98732
105,0.03989
106,0.99650
107,0.99874
108,0.99832
109,0.99958
110,0.32084
111,0.00050
112,0.99602
113,0.99806
114,0.99690
115,0.99552
116,0.02275
117,0.99760
118,0.99881
119,0.00013
120,0.99026
121,0.00034
122,0.99432
123,0.00147
124,0.99548
125,0.99502
126,0.99568
127,0.57407
128,0.00066
129,0.99936
130,0.99861
131,0.00011
132,0.01037
133,0.99974
134,0.00188
135,0.00089
136,0.45088
137,0.99937
138,0.99886
139,0.38361
140,0.00288
141,0.99927
142,0.99879
143,0.03147
144,0.01309
145,0.99318
146,0.99049
147,0.98628
148,0.96135
149,0.94805
150,0.98978
151,0.99919
152,0.00561
153,0.98460
154,0.98632
155,0.01588
156,0.98366
157,0.99858
158,0.99981
159,0.98690
160,0.99986
161,0.00611
162,0.99971
163,0.99886
164,0.00498
165,0.99847
166,0.00020
167,0.99877
168,0.88380
169,0.21528
170,0.91877
171,0.02038
172,0.00102
173,0.08560
174,0.99587
175,0.99455
176,0.99870
177,0.99895
178,0.91615
179,0.00586
180,0.00086
181,0.11180
182,0.00331
183,0.99175
184,0.99638
185,0.96864
186,0.99635
187,0.99930
188,0.99986
189,0.99935
190,0.99917
191,0.31811
192,0.99785
193,0.00939
194,0.00005
195,0.98472
196,0.72929
197,0.43166
198,0.99607
199,0.04608
200,0.02607
201,0.98880
202,0.00089
203,0.00364
204,0.00013
205,0.00540
206,0.99973
207,0.99925
208,0.99978
209,0.05323
210,0.99702
211,0.02875
212,0.00012
213,0.99867
214,0.99947
215,0.99517
216,0.01066
217,0.04399
218,0.04635
219,0.27194
220,0.01157
221,0.53415
222,0.99913
223,0.99875
224,0.92734
225,0.00197
226,0.99705
227,0.96067
228,0.00435
229,0.00027
230,0.00063
231,0.99957
232,0.00079
233,0.99972
234,0.00185
235,0.98577
236,0.02225
237,0.00381
238,0.99088
239,0.82251
240,0.00028
241,0.00164
242,0.99950
243,0.95194
244,0.99930
245,0.99564
246,0.99966
247,0.99530
248,0.99911
249,0.98241
250,0.99954
251,0.99153
252,0.00112
253,0.00118
254,0.00067
255,0.99965
256,0.00366
257,0.99899
258,0.02513
259,0.97642
260,0.99983
261,0.02489
262,0.99662
263,0.99906
264,0.99867
265,0.04704
266,0.99984
267,0.99225
268,0.00180
269,0.99829
270,0.00067
271,0.97842
272,0.00509
273,0.97484
274,0.99721
275,0.00024
276,0.99939
277,0.04365
278,0.99971
279,0.99878
280,0.00031
281,0.99650
282,0.12698
283,0.00139
284,0.54327
285,0.99988
286,0.99934
287,0.07007
288,0.00202
289,0.00058
290,0.00100
291,0.00074
292,0.99453
293,0.00074
294,0.00286
295,0.00511
296,0.99850
297,0.99921
298,0.92147
299,0.99986
300,0.99307
301,0.00089
302,0.99989
303,0.95405
304,0.56608
305,0.26534
306,0.00037
307,0.99951
308,0.99928
309,0.72172
310,0.02136
311,0.99982
312,0.99305
313,0.99869
314,0.00825
315,0.00123
316,0.91392
317,0.99915
318,0.99849
319,0.99975
320,0.00424
321,0.99911
322,0.98932
323,0.58503
324,0.88539
325,0.97278
326,0.99620
327,0.00280
328,0.99904
329,0.75294
330,0.99942
331,0.96487
332,0.99856
333,0.00220
334,0.00142
335,0.00313
336,0.99913
337,0.99793
338,0.99952
339,0.60299
340,0.74128
341,0.99943
342,0.32376
343,0.01548
344,0.58700
345,0.99983
346,0.99790
347,0.96870
348,0.00073
349,0.00233
350,0.99938
351,0.00230
352,0.95376
353,0.90758
354,0.99552
355,0.75911
356,0.01289
357,0.69008
358,0.99877
359,0.99868
360,0.99989
361,0.88898
362,0.99887
363,0.00598
364,0.55214
365,0.00097
366,0.99687
367,0.99991
368,0.00046
369,0.25760
370,0.26033
371,0.99525
372,0.00565
373,0.00083
374,0.99987
375,0.62245
376,0.28209
377,0.99964
378,0.02690
379,0.00128
380,0.00139
381,0.99875
382,0.02000
383,0.00490
384,0.00113
385,0.99852
386,0.00201
387,0.99941
388,0.99091
389,0.97755
390,0.95811
391,0.99956
392,0.99955
393,0.99329
394,0.00023
395,0.00340
396,0.99814
397,0.99476
398,0.90851
399,0.99990
400,0.99986
401,0.99927
402,0.98993
403,0.99655
404,0.06906
405,0.74911
406,0.99954
407,0.99941
408,0.35308
409,0.99968
410,0.99933
411,0.07785
412,0.98440
413,0.00155
414,0.00105
415,0.62075
416,0.99906
417,0.77473
418,0.00072
419,0.99924
420,0.94069
421,0.00166
422,0.00157
423,0.99675
424,0.57051
425,0.03856
426,0.00708
427,0.00035
428,0.99606
429,0.01094
430,0.99946
431,0.83141
432,0.99725
433,0.99568
434,0.99972
435,0.04500
436,0.99684
437,0.98890
438,0.90044
439,0.99829
440,0.00366
441,0.00092
442,0.99748
443,0.99976
444,0.99944
445,0.99659
446,0.00135
447,0.99894
448,0.99814
449,0.98209
450,0.99526
451,0.01212
452,0.40296
453,0.99767
454,0.00064
455,0.99884
456,0.98075
457,0.99685
458,0.99773
459,0.99644
460,0.94947
461,0.09047
462,0.01210
463,0.00034
464,0.96126
465,0.99841
466,0.98676
467,0.95557
468,0.00106
469,0.99888
470,0.99952
471,0.99337
472,0.52713
473,0.99333
474,0.00028
475,0.05890
476,0.99909
477,0.00168
478,0.01252
479,0.00162
480,0.22138
481,0.00090
482,0.98954
483,0.00068
484,0.99900
485,0.00138
486,0.99951
487,0.95099
488,0.00258
489,0.99945
490,0.99689
491,0.01616
492,0.01444
493,0.99804
494,0.99963
495,0.99949
496,0.00268
497,0.99493
498,0.00148
499,0.99452
500,0.99959
501,0.99955
502,0.00244
503,0.64097
504,0.00079
505,0.99997
506,0.00322
507,0.02616
508,0.99853
509,0.99880
510,0.00079
511,0.99653
512,0.00408
513,0.94015
514,0.00068
515,0.00093
516,0.99916
517,0.99990
518,0.61669
519,0.99511
520,0.00188
521,0.83149
522,0.00856
523,0.99906
524,0.99912
525,0.99888
526,0.97517
527,0.11785
528,0.99970
529,0.98277
530,0.00102
531,0.99302
532,0.98860
533,0.99473
534,0.00107
535,0.99914
536,0.99940
537,0.99982
538,0.00624
539,0.99884
540,0.71632
541,0.00047
542,0.97855
543,0.00041
544,0.84946
545,0.00091
546,0.99892
547,0.99953
548,0.06398
549,0.99944
550,0.02929
551,0.99568
552,0.00081
553,0.00134
554,0.98498
555,0.96329
556,0.99779
557,0.12479
558,0.00580
559,0.99904
560,0.99935
561,0.99793
562,0.99971
563,0.96768
564,0.15445
565,0.99483
566,0.99802
567,0.93471
568,0.99961
569,0.99963
570,0.01222
571,0.94679
572,0.60770
573,0.00082
574,0.00173
575,0.00410
576,0.99871
577,0.99976
578,0.99984
579,0.97995
580,0.74769
581,0.00010
582,0.99887
583,0.99982
584,0.60373
585,0.00013
586,0.00012
587,0.18453
588,0.99305
589,0.99819
590,0.99851
591,0.00117
592,0.97546
593,0.27890
594,0.99809
595,0.00059
596,0.11705
597,0.65637
598,0.97270
599,0.99612
600,0.96518
601,0.99914
602,0.99942
603,0.94150
604,0.02461
605,0.99950
606,0.73765
607,0.99934
608,0.00092
609,0.85196
610,0.99645
611,0.99900
612,0.00048
613,0.97431
614,0.99542
615,0.00203
616,0.00069
617,0.00284
618,0.00364
619,0.00147
620,0.98129
621,0.00403
622,0.99584
623,0.78159
624,0.00061
625,0.00214
626,0.00052
627,0.99990
628,0.97961
629,0.99618
630,0.00668
631,0.99712
632,0.39891
633,0.99742
634,0.00012
635,0.19380
636,0.99943
637,0.99767
638,0.00432
639,0.00091
640,0.99966
641,0.99974
642,0.99423
643,0.00649
644,0.71964
645,0.99917
646,0.99819
647,0.00020
648,0.00066
649,0.01096
650,0.98691
651,0.99914
652,0.00737
653,0.99979
654,0.00086
655,0.99375
656,0.00015
657,0.95598
658,0.99966
659,0.75806
660,0.99648
661,0.57802
662,0.91870
663,0.99858
664,0.01247
665,0.99723
666,0.98705
667,0.09861
668,0.00414
669,0.98266
670,0.25357
671,0.99498
672,0.07440
673,0.95968
674,0.99841
675,0.99919
676,0.99860
677,0.99505
678,0.99760
679,0.99653
680,0.99391
681,0.00172
682,0.03308
683,0.99926
684,0.99418
685,0.99969
686,0.09843
687,0.86857
688,0.96889
689,0.99873
690,0.99273
691,0.41257
692,0.86135
693,0.99916
694,0.00263
695,0.99966
696,0.99909
697,0.93746
698,0.99194
699,0.99896
700,0.99959
701,0.00078
702,0.98775
703,0.91437
704,0.87166
705,0.99963
706,0.00190
707,0.00758
708,0.98300
709,0.11787
710,0.25589
711,0.00302
712,0.00138
713,0.01233
714,0.01184
715,0.99818
716,0.99882
717,0.99893
718,0.06961
719,0.95438
720,0.99976
721,0.59228
722,0.99974
723,0.00102
724,0.01254
725,0.98741
726,0.99643
727,0.99638
728,0.40389
729,0.34146
730,0.99974
731,0.99808
732,0.97777
733,0.86556
734,0.00249
735,0.85682
736,0.73594
737,0.99781
738,0.02372
739,0.00043
740,0.99819
741,0.76656
742,0.97865
743,0.02671
744,0.00060
745,0.00104
746,0.97141
747,0.99853
748,0.18939
749,0.00273
750,0.99901
751,0.00160
752,0.14417
753,0.28632
754,0.99970
755,0.99576
756,0.99864
757,0.99742
758,0.98765
759,0.99989
760,0.87121
761,0.99878
762,0.99965
763,0.00363
764,0.99424
765,0.00104
766,0.99830
767,0.99920
768,0.77217
769,0.99168
770,0.95328
771,0.00523
772,0.98601
773,0.00450
774,0.93459
775,0.00212
776,0.99853
777,0.87934
778,0.00369
779,0.00138
780,0.99966
781,0.00031
782,0.00010
783,0.93183
784,0.99904
785,0.99979
786,0.89523
787,0.00897
788,0.02521
789,0.00175
790,0.00080
791,0.78834
792,0.00733
793,0.99808
794,0.99679
795,0.00111
796,0.00038
797,0.99851
798,0.87737
799,0.99973
800,0.99131
801,0.01111
802,0.99847
803,0.62064
804,0.89945
805,0.99592
806,0.99926
807,0.94569
808,0.99923
809,0.99940
810,0.99428
811,0.99720
812,0.95835
813,0.96309
814,0.99124
815,0.97499
816,0.99854
817,0.83599
818,0.99976
819,0.12521
820,0.99211
821,0.70455
822,0.00376
823,0.98272
824,0.00196
825,0.99729
826,0.99826
827,0.11842
828,0.99983
829,0.98721
830,0.84860
831,0.99745
832,0.99253
833,0.99289
834,0.13364
835,0.98727
836,0.99933
837,0.99951
838,0.00152
839,0.99040
840,0.02473
841,0.99751
842,0.98125
843,0.98404
844,0.00054
845,0.55833
846,0.00096
847,0.00012
848,0.00591
849,0.45368
850,0.04731
851,0.99994
852,0.00120
853,0.00499
854,0.00615
855,0.96423
856,0.99709
857,0.98074
858,0.00482
859,0.00019
860,0.55349
861,0.95086
862,0.99906
863,0.99662
864,0.99855
865,0.55651
866,0.99386
867,0.69945
868,0.00074
869,0.00305
870,0.00008
871,0.00136
872,0.99997
873,0.99918
874,0.89283
875,0.09943
876,0.27140
877,0.98600
878,0.99744
879,0.99933
880,0.96218
881,0.00224
882,0.96109
883,0.99804
884,0.97071
885,0.00100
886,0.99381
887,0.00417
888,0.96618
889,0.94834
890,0.06135
891,0.22872
892,0.10725
893,0.00330
894,0.01893
895,0.94835
896,0.99851
897,0.99905
898,0.96812
899,0.99317
900,0.76063
901,0.99955
902,0.98968
903,0.99910
904,0.03272
905,0.99448
906,0.99848
907,0.11951
908,0.99939
909,0.00059
910,0.99892
911,0.99968
912,0.00405
913,0.00004
914,0.00083
915,0.77060
916,0.99952
917,0.00083
918,0.14681
919,0.00063
920,0.00011
921,0.00041
922,0.99966
923,0.61896
924,0.93764
925,0.00175
926,0.00037
927,0.99958
928,0.06817
929,0.99974
930,0.99918
931,0.99597
932,0.78428
933,0.99958
934,0.93103
935,0.98659
936,0.85318
937,0.71006
938,0.99954
939,0.99979
940,0.99691
941,0.51148
942,0.99942
943,0.01332
944,0.99755
945,0.00958
946,0.97793
947,0.95085
948,0.99972
949,0.98072
950,0.01686
951,0.00131
952,0.99816
953,0.01063
954,0.01527
955,0.97493
956,0.99876
957,0.00308
958,0.17694
959,0.99964
960,0.99959
961,0.99673
962,0.99731
963,0.99902
964,0.00544
965,0.00106
966,0.01153
967,0.00150
968,0.00047
969,0.79257
970,0.98014
971,0.00245
972,0.00155
973,0.01141
974,0.99976
975,0.00079
976,0.02932
977,0.00353
978,0.96047
979,0.00232
980,0.00417
981,0.89880
982,0.00025
983,0.00028
984,0.00042
985,0.91146
986,0.00349
987,0.99979
988,0.99978
989,0.99705
990,0.96649
991,0.99449
992,0.99791
993,0.99837
994,0.99798
995,0.00214
996,0.98278
997,0.00225
998,0.99179
999,0.99890
1000,0.99779
1001,0.00732
1002,0.07113
1003,0.03126
1004,0.00062
1005,0.00208
1006,0.00239
1007,0.16182
1008,0.16252
1009,0.98654
1010,0.99932
1011,0.99933
1012,0.04568
1013,0.94791
1014,0.00129
1015,0.99695
1016,0.00041
1017,0.00138
1018,0.00245
1019,0.00171
1020,0.87355
1021,0.99372
1022,0.99883
1023,0.99943
1024,0.98272
1025,0.99824
1026,0.99944
1027,0.00080
1028,0.00545
1029,0.99848
1030,0.70715
1031,0.00369
1032,0.00352
1033,0.99866
1034,0.90551
1035,0.44254
1036,0.00460
1037,0.99943
1038,0.50211
1039,0.99598
1040,0.98992
1041,0.00059
1042,0.95059
1043,0.09433
1044,0.99966
1045,0.99935
1046,0.73273
1047,0.98909
1048,0.99527
1049,0.04873
1050,0.79446
1051,0.00066
1052,0.99820
1053,0.99857
1054,0.00053
1055,0.01418
1056,0.96412
1057,0.99910
1058,0.00229
1059,0.00311
1060,0.02496
1061,0.00255
1062,0.99863
1063,0.99934
1064,0.99950
1065,0.09363
1066,0.91737
1067,0.00151
1068,0.36738
1069,0.99760
1070,0.00011
1071,0.96387
1072,0.00126
1073,0.99947
1074,0.98625
1075,0.98210
1076,0.99823
1077,0.00032
1078,0.99981
1079,0.07898
1080,0.16868
1081,0.00235
1082,0.98410
1083,0.99947
1084,0.79140
1085,0.00372
1086,0.00407
1087,0.00004
1088,0.00055
1089,0.07404
1090,0.02260
1091,0.97562
1092,0.09062
1093,0.99330
1094,0.99744
1095,0.00016
1096,0.99863
1097,0.99857
1098,0.97184
1099,0.00033
1100,0.01248
1101,0.04451
1102,0.04906
1103,0.00121
1104,0.77426
1105,0.96093
1106,0.96501
1107,0.99957
1108,0.00091
1109,0.80170
1110,0.82688
1111,0.99352
1112,0.97837
1113,0.75528
1114,0.37391
1115,0.99803
1116,0.98786
1117,0.10423
1118,0.00064
1119,0.99368
1120,0.65750
1121,0.00003
1122,0.00061
1123,0.00096
1124,0.00118
1125,0.93936
1126,0.99522
1127,0.89392
1128,0.99035
1129,0.99891
1130,0.99855
1131,0.99709
1132,0.99889
1133,0.28659
1134,0.99982
1135,0.00042
1136,0.99756
1137,0.29033
1138,0.99377
1139,0.00264
1140,0.99365
1141,0.99761
1142,0.99243
1143,0.95867
1144,0.00033
1145,0.99548
1146,0.45275
1147,0.62892
1148,0.99940
1149,0.96503
1150,0.00041
1151,0.20353
1152,0.49005
1153,0.99909
1154,0.98725
1155,0.99131
1156,0.98742
1157,0.99824
1158,0.00093
1159,0.30007
1160,0.99820
1161,0.02588
1162,0.99830
1163,0.02662
1164,0.99965
1165,0.99759
1166,0.00043
1167,0.99986
1168,0.98842
1169,0.00565
1170,0.99943
1171,0.99806
1172,0.81765
1173,0.99719
1174,0.01360
1175,0.03519
1176,0.98915
1177,0.00056
1178,0.47347
1179,0.99770
1180,0.38001
1181,0.34802
1182,0.89354
1183,0.00552
1184,0.00013
1185,0.97159
1186,0.00068
1187,0.00161
1188,0.99964
1189,0.99844
1190,0.99725
1191,0.99745
1192,0.99961
1193,0.00050
1194,0.57924
1195,0.94846
1196,0.89594
1197,0.04136
1198,0.00061
1199,0.15622
1200,0.99482
1201,0.00670
1202,0.00065
1203,0.50334
1204,0.04354
1205,0.86467
1206,0.99230
1207,0.87803
1208,0.99693
1209,0.29666
1210,0.00121
1211,0.99616
1212,0.99805
1213,0.00019
1214,0.00334
1215,0.99955
1216,0.99698
1217,0.00193
1218,0.99364
1219,0.99846
1220,0.58670
1221,0.00588
1222,0.01959
1223,0.00010
1224,0.99284
1225,0.00074
1226,0.99847
1227,0.99931
1228,0.99969
1229,0.97263
1230,0.91625
1231,0.00173
1232,0.99572
1233,0.00058
1234,0.00390
1235,0.99919
1236,0.99689
1237,0.99797
1238,0.00267
1239,0.97324
1240,0.98810
1241,0.00777
1242,0.00095
1243,0.99055
1244,0.51739
1245,0.98649
1246,0.99960
1247,0.97712
1248,0.19964
1249,0.00444
1250,0.97377
1251,0.00365
1252,0.98050
1253,0.00689
1254,0.71718
1255,0.00313
1256,0.00022
1257,0.99057
1258,0.00579
1259,0.99536
1260,0.71193
1261,0.00292
1262,0.83737
1263,0.99973
1264,0.59630
1265,0.05989
1266,0.99944
1267,0.99162
1268,0.99881
1269,0.95306
1270,0.62998
1271,0.00934
1272,0.00153
1273,0.99888
1274,0.99607
1275,0.98969
1276,0.99965
1277,0.95152
1278,0.04504
1279,0.99979
1280,0.99622
1281,0.91754
1282,0.99918
1283,0.92455
1284,0.99860
1285,0.00094
1286,0.99966
1287,0.99952
1288,0.03010
1289,0.99872
1290,0.99895
1291,0.00781
1292,0.99930
1293,0.99121
1294,0.33043
1295,0.99636
1296,0.99801
1297,0.00019
1298,0.30631
1299,0.99790
1300,0.64579
1301,0.99979
1302,0.99868
1303,0.99954
1304,0.99820
1305,0.00490
1306,0.00815
1307,0.99421
1308,0.99909
1309,0.99428
1310,0.99917
1311,0.99089
1312,0.99645
1313,0.00388
1314,0.39148
1315,0.00012
1316,0.00016
1317,0.00214
1318,0.83722
1319,0.00126
1320,0.96191
1321,0.00168
1322,0.00680
1323,0.10863
1324,0.71948
1325,0.01263
1326,0.99894
1327,0.98555
1328,0.00142
1329,0.93974
1330,0.99817
1331,0.98831
1332,0.65769
1333,0.99910
1334,0.03886
1335,0.03323
1336,0.99911
1337,0.87821
1338,0.12815
1339,0.98911
1340,0.99984
1341,0.91399
1342,0.00073
1343,0.93405
1344,0.00132
1345,0.16327
1346,0.00052
1347,0.00383
1348,0.00299
1349,0.99871
1350,0.00199
1351,0.99872
1352,0.00606
1353,0.00184
1354,0.00008
1355,0.00529
1356,0.40456
1357,0.01160
1358,0.00373
1359,0.00405
1360,0.97618
1361,0.00149
1362,0.02634
1363,0.00331
1364,0.99401
1365,0.00024
1366,0.00048
1367,0.98755
1368,0.00865
1369,0.97381
1370,0.00012
1371,0.00018
1372,0.99849
1373,0.99912
1374,0.00138
1375,0.00117
1376,0.00034
1377,0.00117
1378,0.01075
1379,0.99715
1380,0.99970
1381,0.99950
1382,0.99677
1383,0.99928
1384,0.05941
1385,0.98745
1386,0.01468
1387,0.00272
1388,0.00540
1389,0.00331
1390,0.99911
1391,0.10834
1392,0.00054
1393,0.99312
1394,0.99939
1395,0.99335
1396,0.99459
1397,0.99782
1398,0.99951
1399,0.90939
1400,0.00423
1401,0.96264
1402,0.99601
1403,0.00293
1404,0.01317
1405,0.00280
1406,0.94918
1407,0.99590
1408,0.00307
1409,0.00120
1410,0.99448
1411,0.99496
1412,0.02900
1413,0.99917
1414,0.93967
1415,0.99759
1416,0.99985
1417,0.99843
1418,0.00170
1419,0.99863
1420,0.10319
1421,0.00211
1422,0.00293
1423,0.00018
1424,0.99994
1425,0.00021
1426,0.00035
1427,0.00169
1428,0.99714
1429,0.00672
1430,0.00860
1431,0.96751
1432,0.63074
1433,0.00243
1434,0.99602
1435,0.99686
1436,0.99979
1437,0.99980
1438,0.99358
1439,0.99593
1440,0.00458
1441,0.02662
1442,0.00077
1443,0.00378
1444,0.00017
1445,0.07129
1446,0.93932
1447,0.99944
1448,0.99979
1449,0.47138
1450,0.99968
1451,0.01915
1452,0.99541
1453,0.99931
1454,0.00131
1455,0.00050
1456,0.01496
1457,0.98483
1458,0.99267
1459,0.99924
1460,0.98916
1461,0.03349
1462,0.07689
1463,0.97320
1464,0.99921
1465,0.00236
1466,0.00074
1467,0.99969
1468,0.00759
1469,0.99254
1470,0.00383
1471,0.00029
1472,0.99913
1473,0.99618
1474,0.00080
1475,0.99648
1476,0.99667
1477,0.00055
1478,0.00139
1479,0.00899
1480,0.01605
1481,0.99420
1482,0.00228
1483,0.00121
1484,0.99967
1485,0.04543
1486,0.99827
1487,0.03467
1488,0.00120
1489,0.99942
1490,0.99204
1491,0.00724
1492,0.99711
1493,0.01861
1494,0.99827
1495,0.99531
1496,0.00103
1497,0.99983
1498,0.99130
1499,0.99929
1500,0.98687
1501,0.00257
1502,0.10272
1503,0.00090
1504,0.99525
1505,0.00263
1506,0.95670
1507,0.02231
1508,0.99861
1509,0.96163
1510,0.87041
1511,0.01349
1512,0.99275
1513,0.99061
1514,0.07254
1515,0.00068
1516,0.80458
1517,0.98227
1518,0.00287
1519,0.00037
1520,0.99975
1521,0.99830
1522,0.99906
1523,0.00243
1524,0.95572
1525,0.99902
1526,0.00428
1527,0.02261
1528,0.99921
1529,0.98670
1530,0.99967
1531,0.99737
1532,0.00388
1533,0.00031
1534,0.99983
1535,0.00147
1536,0.98265
1537,0.98623
1538,0.00445
1539,0.00709
1540,0.99853
1541,0.44806
1542,0.00260
1543,0.05780
1544,0.99972
1545,0.99973
1546,0.99850
1547,0.99955
1548,0.63939
1549,0.00066
1550,0.00096
1551,0.00020
1552,0.00667
1553,0.02719
1554,0.00167
1555,0.00389
1556,0.92640
1557,0.00346
1558,0.02780
1559,0.99588
1560,0.09439
1561,0.48478
1562,0.98925
1563,0.95381
1564,0.99232
1565,0.99211
1566,0.00024
1567,0.12204
1568,0.77141
1569,0.05750
1570,0.97031
1571,0.00239
1572,0.75251
1573,0.92888
1574,0.99594
1575,0.99971
1576,0.99895
1577,0.28855
1578,0.00077
1579,0.01464
1580,0.99782
1581,0.02855
1582,0.00391
1583,0.96178
1584,0.99014
1585,0.10973
1586,0.99782
1587,0.99960
1588,0.98801
1589,0.99962
1590,0.99677
1591,0.00153
1592,0.99755
1593,0.99835
1594,0.01010
1595,0.00158
1596,0.00234
1597,0.99901
1598,0.99962
1599,0.00037
1600,0.88913
1601,0.03437
1602,0.99069
1603,0.81183
1604,0.89143
1605,0.00283
1606,0.99927
1607,0.99523
1608,0.99933
1609,0.99680
1610,0.99273
1611,0.96514
1612,0.99874
1613,0.00220
1614,0.99964
1615,0.99960
1616,0.21531
1617,0.03453
1618,0.99316
1619,0.99740
1620,0.97708
1621,0.98947
1622,0.99080
1623,0.00284
1624,0.00239
1625,0.00022
1626,0.00110
1627,0.00150
1628,0.99931
1629,0.98075
1630,0.92749
1631,0.78770
1632,0.00616
1633,0.62634
1634,0.00084
1635,0.00295
1636,0.00156
1637,0.00434
1638,0.99763
1639,0.98678
1640,0.12389
1641,0.00202
1642,0.99942
1643,0.99242
1644,0.99946
1645,0.00308
1646,0.98462
1647,0.97077
1648,0.99968
1649,0.99921
1650,0.98944
1651,0.99910
1652,0.00041
1653,0.99871
1654,0.98589
1655,0.99388
1656,0.81128
1657,0.88378
1658,0.00022
1659,0.99979
1660,0.99805
1661,0.10304
1662,0.99192
1663,0.94063
1664,0.00041
1665,0.00107
1666,0.06984
1667,0.50230
1668,0.99955
1669,0.99889
1670,0.00949
1671,0.99647
1672,0.99994
1673,0.04103
1674,0.00933
1675,0.01709
1676,0.01465
1677,0.99716
1678,0.95332
1679,0.00025
1680,0.96105
1681,0.96893
1682,0.63339
1683,0.99986
1684,0.00134
1685,0.03857
1686,0.00027
1687,0.00594
1688,0.99492
1689,0.93144
1690,0.98838
1691,0.00549
1692,0.23638
1693,0.96802
1694,0.00965
1695,0.08264
1696,0.99993
1697,0.99900
1698,0.00022
1699,0.99728
1700,0.00018
1701,0.00586
1702,0.95269
1703,0.92283
1704,0.00014
1705,0.02163
1706,0.01878
1707,0.99974
1708,0.18730
1709,0.04078
1710,0.04472
1711,0.00201
1712,0.00098
1713,0.91692
1714,0.00201
1715,0.00514
1716,0.99901
1717,0.00038
1718,0.00083
1719,0.00240
1720,0.98053
1721,0.07058
1722,0.99942
1723,0.99973
1724,0.00027
1725,0.99222
1726,0.00025
1727,0.99849
1728,0.58015
1729,0.98109
1730,0.99892
1731,0.00200
1732,0.99545
1733,0.00049
1734,0.02009
1735,0.97478
1736,0.01273
1737,0.99869
1738,0.99911
1739,0.97440
1740,0.00119
1741,0.08540
1742,0.00192
1743,0.00037
1744,0.99976
1745,0.21797
1746,0.99980
1747,0.96973
1748,0.00527
1749,0.00225
1750,0.99983
1751,0.00162
1752,0.00094
1753,0.88547
1754,0.52372
1755,0.99880
1756,0.00673
1757,0.99692
1758,0.75607
1759,0.97374
1760,0.97823
1761,0.18520
1762,0.96042
1763,0.99986
1764,0.99763
1765,0.00075
1766,0.99997
1767,0.03997
1768,0.99675
1769,0.14751
1770,0.00554
1771,0.99975
1772,0.98121
1773,0.99879
1774,0.01967
1775,0.00147
1776,0.99950
1777,0.09486
1778,0.98872
1779,0.00049
1780,0.00027
1781,0.95958
1782,0.10741
1783,0.08646
1784,0.99923
1785,0.01082
1786,0.99664
1787,0.97924
1788,0.00221
1789,0.99944
1790,0.04951
1791,0.36912
1792,0.99930
1793,0.01987
1794,0.98644
1795,0.83196
1796,0.00107
1797,0.00078
1798,0.00015
1799,0.00166
1800,0.99971
1801,0.00130
1802,0.00060
1803,0.98721
1804,0.00081
1805,0.99967
1806,0.00470
1807,0.90332
1808,0.99960
1809,0.00896
1810,0.00173
1811,0.00058
1812,0.00088
1813,0.99933
1814,0.00093
1815,0.99987
1816,0.00019
1817,0.99816
1818,0.00610
1819,0.86723
1820,0.95252
1821,0.96108
1822,0.99920
1823,0.99775
1824,0.33535
1825,0.99943
1826,0.99973
1827,0.99786
1828,0.00185
1829,0.01149
1830,0.00290
1831,0.86083
1832,0.99648
1833,0.00508
1834,0.00107
1835,0.94724
1836,0.99215
1837,0.00038
1838,0.00977
1839,0.83282
1840,0.81411
1841,0.99669
1842,0.03767
1843,0.99524
1844,0.99199
1845,0.98677
1846,0.99653
1847,0.99917
1848,0.00041
1849,0.90405
1850,0.02658
1851,0.99452
1852,0.00023
1853,0.99838
1854,0.99956
1855,0.96977
1856,0.00316
1857,0.47049
1858,0.10943
1859,0.00104
1860,0.16364
1861,0.00372
1862,0.00598
1863,0.00037
1864,0.00007
1865,0.00020
1866,0.09834
1867,0.99915
1868,0.00279
1869,0.98500
1870,0.31669
1871,0.00214
1872,0.00248
1873,0.99814
1874,0.00028
1875,0.99892
1876,0.00523
1877,0.00033
1878,0.99697
1879,0.00694
1880,0.16986
1881,0.97973
1882,0.99848
1883,0.00080
1884,0.99913
1885,0.00416
1886,0.00021
1887,0.00096
1888,0.00088
1889,0.98585
1890,0.08579
1891,0.00488
1892,0.99944
1893,0.01975
1894,0.47491
1895,0.00130
1896,0.99968
1897,0.99860
1898,0.07803
1899,0.77125
1900,0.37733
1901,0.00033
1902,0.99792
1903,0.99394
1904,0.33068
1905,0.99711
1906,0.00079
1907,0.51029
1908,0.01895
1909,0.00802
1910,0.99643
1911,0.00111
1912,0.99912
1913,0.99415
1914,0.99968
1915,0.84288
1916,0.00034
1917,0.00621
1918,0.01158
1919,0.11584
1920,0.00037
1921,0.99975
1922,0.00018
1923,0.90639
1924,0.99846
1925,0.99836
1926,0.04397
1927,0.99293
1928,0.00054
1929,0.89617
1930,0.00056
1931,0.01399
1932,0.98501
1933,0.00628
1934,0.90982
1935,0.99287
1936,0.99984
1937,0.17912
1938,0.02112
1939,0.99982
1940,0.00069
1941,0.99641
1942,0.99645
1943,0.23075
1944,0.99818
1945,0.00095
1946,0.99617
1947,0.00098
1948,0.00096
1949,0.00231
1950,0.01029
1951,0.01500
1952,0.99871
1953,0.01211
1954,0.99109
1955,0.99939
1956,0.98794
1957,0.99773
1958,0.46199
1959,0.99963
1960,0.00587
1961,0.00292
1962,0.98923
1963,0.99942
1964,0.99655
1965,0.97178
1966,0.99401
1967,0.99703
1968,0.90809
1969,0.00120
1970,0.00083
1971,0.00811
1972,0.00111
1973,0.58734
1974,0.00064
1975,0.99834
1976,0.42681
1977,0.00046
1978,0.01085
1979,0.00019
1980,0.98376
1981,0.09614
1982,0.98689
1983,0.28446
1984,0.00308
1985,0.99656
1986,0.00170
1987,0.00094
1988,0.00423
1989,0.07027
1990,0.74940
1991,0.00055
1992,0.00194
1993,0.99231
1994,0.99820
1995,0.80636
1996,0.00042
1997,0.99996
1998,0.96922
1999,0.23826
2000,0.98102
2001,0.98298
2002,0.00564
2003,0.00040
2004,0.17644
2005,0.69253
2006,0.97395
2007,0.00957
2008,0.00412
2009,0.99972
2010,0.96376
2011,0.46404
2012,0.95860
2013,0.99045
2014,0.29185
2015,0.00541
2016,0.99199
2017,0.99415
2018,0.99992
2019,0.99845
2020,0.99916
2021,0.99972
2022,0.64750
2023,0.00100
2024,0.00273
2025,0.00164
2026,0.78414
2027,0.97080
2028,0.00749
2029,0.49221
2030,0.00043
2031,0.92075
2032,0.85454
2033,0.00171
2034,0.00259
2035,0.99909
2036,0.99987
2037,0.03727
2038,0.02933
2039,0.20472
2040,0.92580
2041,0.40704
2042,0.10923
2043,0.01064
2044,0.99889
2045,0.98872
2046,0.99767
2047,0.96340
2048,0.91891
2049,0.99419
2050,0.00998
2051,0.21235
2052,0.99969
2053,0.97858
2054,0.56695
2055,0.99105
2056,0.00081
2057,0.00175
2058,0.00139
2059,0.02047
2060,0.94519
2061,0.28671
2062,0.99744
2063,0.91163
2064,0.90808
2065,0.41098
2066,0.92933
2067,0.00243
2068,0.97319
2069,0.07717
2070,0.99597
2071,0.00430
2072,0.00246
2073,0.40575
2074,0.00136
2075,0.69955
2076,0.06692
2077,0.00107
2078,0.00037
2079,0.96509
2080,0.65071
2081,0.99968
2082,0.22696
2083,0.96318
2084,0.97579
2085,0.99713
2086,0.99940
2087,0.02042
2088,0.90617
2089,0.00043
2090,0.00253
2091,0.99139
2092,0.98481
2093,0.01835
2094,0.86988
2095,0.00028
2096,0.66404
2097,0.99953
2098,0.00561
2099,0.96780
2100,0.02222
2101,0.00171
2102,0.00748
2103,0.00151
2104,0.00213
2105,0.99954
2106,0.00292
2107,0.69249
2108,0.00594
2109,0.00232
2110,0.99906
2111,0.00051
2112,0.00027
2113,0.00292
2114,0.01580
2115,0.20069
2116,0.94367
2117,0.98123
2118,0.00058
2119,0.96763
2120,0.96974
2121,0.99838
2122,0.65366
2123,0.99635
2124,0.97753
2125,0.00205
2126,0.99987
2127,0.08531
2128,0.00087
2129,0.84791
2130,0.31507
2131,0.05151
2132,0.33776
2133,0.00060
2134,0.97055
2135,0.99942
2136,0.98143
2137,0.00523
2138,0.00504
2139,0.00161
2140,0.97925
2141,0.02018
2142,0.00106
2143,0.99608
2144,0.99949
2145,0.00538
2146,0.00147
2147,0.00172
2148,0.00297
2149,0.99527
2150,0.01810
2151,0.99161
2152,0.99822
2153,0.00140
2154,0.96326
2155,0.99908
2156,0.00033
2157,0.99655
2158,0.83040
2159,0.00586
2160,0.99925
2161,0.00405
2162,0.99625
2163,0.99329
2164,0.00093
2165,0.00268
2166,0.00994
2167,0.00364
2168,0.99532
2169,0.99902
2170,0.14580
2171,0.01467
2172,0.95537
2173,0.00250
2174,0.02060
2175,0.99948
2176,0.98338
2177,0.99851
2178,0.00543
2179,0.00058
2180,0.99341
2181,0.59942
2182,0.99345
2183,0.02402
2184,0.92565
2185,0.93902
2186,0.00069
2187,0.98410
2188,0.06589
2189,0.97395
2190,0.00021
2191,0.99899
2192,0.99880
2193,0.00067
2194,0.00727
2195,0.00043
2196,0.00235
2197,0.99941
2198,0.99162
2199,0.99653
2200,0.99956
2201,0.98004
2202,0.00110
2203,0.00019
2204,0.99472
2205,0.53083
2206,0.12075
2207,0.00375
2208,0.00340
2209,0.00670
2210,0.99516
2211,0.99936
2212,0.99923
2213,0.07550
2214,0.98023
2215,0.05079
2216,0.98428
2217,0.15327
2218,0.99893
2219,0.02534
2220,0.00177
2221,0.99976
2222,0.02523
2223,0.00340
2224,0.99944
2225,0.96198
2226,0.50298
2227,0.80000
2228,0.00071
2229,0.92069
2230,0.71220
2231,0.00086
2232,0.00137
2233,0.00975
2234,0.94742
2235,0.00014
2236,0.97164
2237,0.99918
2238,0.00102
2239,0.00196
2240,0.00015
2241,0.99574
2242,0.11405
2243,0.99956
2244,0.99946
2245,0.00320
2246,0.00010
2247,0.64254
2248,0.99958
2249,0.08973
2250,0.00381
2251,0.95671
2252,0.99807
2253,0.00011
2254,0.13551
2255,0.64145
2256,0.13925
2257,0.27250
2258,0.00193
2259,0.03795
2260,0.00188
2261,0.99383
2262,0.99330
2263,0.99434
2264,0.00036
2265,0.12761
2266,0.00059
2267,0.54609
2268,0.99683
2269,0.00043
2270,0.00153
2271,0.99768
2272,0.99418
2273,0.97453
2274,0.00026
2275,0.00345
2276,0.99660
2277,0.00170
2278,0.00013
2279,0.97517
2280,0.98849
2281,0.99548
2282,0.97171
2283,0.99968
2284,0.00163
2285,0.99509
2286,0.99338
2287,0.99844
2288,0.00060
2289,0.91889
2290,0.99602
2291,0.01111
2292,0.47432
2293,0.99980
2294,0.97687
2295,0.65944
2296,0.00464
2297,0.00027
2298,0.00086
2299,0.98930
2300,0.00170
2301,0.00753
2302,0.27842
2303,0.99986
2304,0.00077
2305,0.37591
2306,0.00119
2307,0.99551
2308,0.04338
2309,0.00351
2310,0.99853
2311,0.95074
2312,0.99470
2313,0.00096
2314,0.99981
2315,0.25387
2316,0.00282
2317,0.02017
2318,0.99761
2319,0.98632
2320,0.99989
2321,0.96217
2322,0.00015
2323,0.00052
2324,0.00141
2325,0.98831
2326,0.03403
2327,0.00229
2328,0.00044
2329,0.99885
2330,0.00037
2331,0.98438
2332,0.98623
2333,0.23191
2334,0.99826
2335,0.99940
2336,0.99961
2337,0.00457
2338,0.94507
2339,0.00441
2340,0.99635
2341,0.98102
2342,0.11422
2343,0.00233
2344,0.06700
2345,0.83454
2346,0.99683
2347,0.00057
2348,0.07938
2349,0.01894
2350,0.99644
2351,0.99988
2352,0.98170
2353,0.01104
2354,0.99911
2355,0.99663
2356,0.88091
2357,0.62029
2358,0.99554
2359,0.99966
2360,0.66649
2361,0.94623
2362,0.99540
2363,0.99695
2364,0.84630
2365,0.99815
2366,0.94595
2367,0.99930
2368,0.04597
2369,0.99619
2370,0.00051
2371,0.01038
2372,0.62500
2373,0.01240
2374,0.99208
2375,0.14852
2376,0.00706
2377,0.00131
2378,0.24386
2379,0.98573
2380,0.00171
2381,0.00014
2382,0.95744
2383,0.00598
2384,0.02642
2385,0.03435
2386,0.80060
2387,0.98620
2388,0.00211
2389,0.99974
2390,0.89217
2391,0.59997
2392,0.99486
2393,0.99968
2394,0.99354
2395,0.03235
2396,0.78761
2397,0.00670
2398,0.03401
2399,0.99956
2400,0.00071
2401,0.99979
2402,0.00887
2403,0.99941
2404,0.02620
2405,0.99801
2406,0.34577
2407,0.99689
2408,0.17631
2409,0.06035
2410,0.00071
2411,0.97386
2412,0.00100
2413,0.03889
2414,0.00134
2415,0.96509
2416,0.00274
2417,0.99487
2418,0.08589
2419,0.00025
2420,0.81060
2421,0.00224
2422,0.02078
2423,0.99988
2424,0.98987
2425,0.99256
2426,0.99963
2427,0.99979
2428,0.41154
2429,0.99896
2430,0.00074
2431,0.05227
2432,0.99646
2433,0.00042
2434,0.98164
2435,0.00362
2436,0.00048
2437,0.99844
2438,0.00165
2439,0.27500
2440,0.99723
2441,0.68740
2442,0.97060
2443,0.00420
2444,0.00283
2445,0.99979
2446,0.99450
2447,0.99961
2448,0.99409
2449,0.99805
2450,0.99647
2451,0.96346
2452,0.00073
2453,0.97716
2454,0.95624
2455,0.12346
2456,0.12670
2457,0.00700
2458,0.00328
2459,0.99909
2460,0.00261
2461,0.00061
2462,0.00028
2463,0.10870
2464,0.99964
2465,0.06054
2466,0.00046
2467,0.00243
2468,0.99798
2469,0.00856
2470,0.99867
2471,0.99967
2472,0.94880
2473,0.99952
2474,0.99617
2475,0.98956
2476,0.00166
2477,0.00061
2478,0.00004
2479,0.11584
2480,0.99686
2481,0.00352
2482,0.00015
2483,0.00356
2484,0.99622
2485,0.00052
2486,0.97929
2487,0.00120
2488,0.99839
2489,0.99093
2490,0.00148
2491,0.00033
2492,0.85140
2493,0.97820
2494,0.05916
2495,0.99708
2496,0.99808
2497,0.92393
2498,0.00052
2499,0.99922
2500,0.99710
2501,0.79303
2502,0.05352
2503,0.99935
2504,0.04140
2505,0.00162
2506,0.00044
2507,0.00197
2508,0.11411
2509,0.05156
2510,0.00411
2511,0.99827
2512,0.99984
2513,0.00030
2514,0.00294
2515,0.99543
2516,0.99700
2517,0.97427
2518,0.00714
2519,0.99875
2520,0.00712
2521,0.00097
2522,0.00107
2523,0.99820
2524,0.99871
2525,0.00085
2526,0.00537
2527,0.00108
2528,0.98603
2529,0.00692
2530,0.00068
2531,0.97189
2532,0.00026
2533,0.00305
2534,0.00019
2535,0.00035
2536,0.99459
2537,0.00024
2538,0.99175
2539,0.16655
2540,0.00020
2541,0.99673
2542,0.99955
2543,0.99030
2544,0.99946
2545,0.14926
2546,0.00210
2547,0.00014
2548,0.00077
2549,0.24626
2550,0.00858
2551,0.00120
2552,0.00099
2553,0.99894
2554,0.91428
2555,0.99630
2556,0.98393
2557,0.00025
2558,0.00081
2559,0.00035
2560,0.02936
2561,0.99635
2562,0.05388
2563,0.99210
2564,0.99986
2565,0.42564
2566,0.99886
2567,0.02279
2568,0.00983
2569,0.99792
2570,0.00033
2571,0.10780
2572,0.52954
2573,0.99813
2574,0.98652
2575,0.00016
2576,0.02053
2577,0.99910
2578,0.99935
2579,0.05621
2580,0.99627
2581,0.65435
2582,0.15467
2583,0.17771
2584,0.99847
2585,0.00138
2586,0.00193
2587,0.00079
2588,0.00655
2589,0.99968
2590,0.00130
2591,0.99995
2592,0.95059
2593,0.99965
2594,0.00254
2595,0.77613
2596,0.88409
2597,0.89104
2598,0.99963
2599,0.00200
2600,0.99496
2601,0.11584
2602,0.00051
2603,0.00615
2604,0.47112
2605,0.00176
2606,0.11584
2607,0.99870
2608,0.05270
2609,0.00182
2610,0.00072
2611,0.00428
2612,0.99845
2613,0.00211
2614,0.99956
2615,0.99777
2616,0.06462
2617,0.98856
2618,0.99115
2619,0.98729
2620,0.88111
2621,0.00144
2622,0.02396
2623,0.99930
2624,0.99655
2625,0.00158
2626,0.99974
2627,0.10634
2628,0.99993
2629,0.04874
2630,0.00211
2631,0.00056
2632,0.03177
2633,0.14774
2634,0.00458
2635,0.00012
2636,0.99921
2637,0.00014
2638,0.98903
2639,0.00048
2640,0.99528
2641,0.02019
2642,0.00073
2643,0.03067
2644,0.00187
2645,0.00033
2646,0.00560
2647,0.26249
2648,0.00063
2649,0.00407
2650,0.99989
2651,0.98957
2652,0.00467
2653,0.29876
2654,0.00040
2655,0.71693
2656,0.99869
2657,0.00056
2658,0.00008
2659,0.00192
2660,0.99996
2661,0.72880
2662,0.00093
2663,0.88762
2664,0.99211
2665,0.00227
2666,0.90879
2667,0.01367
2668,0.36560
2669,0.56703
2670,0.00036
2671,0.08308
2672,0.00710
2673,0.99924
2674,0.00164
2675,0.50318
2676,0.99866
2677,0.74967
2678,0.00203
2679,0.00098
2680,0.99946
2681,0.99955
2682,0.01079
2683,0.00081
2684,0.96837
2685,0.99919
2686,0.86439
2687,0.00256
2688,0.32332
2689,0.59127
2690,0.60252
2691,0.99951
2692,0.98845
2693,0.00411
2694,0.00074
2695,0.99988
2696,0.11411
2697,0.00061
2698,0.00445
2699,0.86235
2700,0.00088
2701,0.00098
2702,0.01598
2703,0.00300
2704,0.98474
2705,0.00042
2706,0.00195
2707,0.99986
2708,0.98037
2709,0.00324
2710,0.99952
2711,0.00229
2712,0.00630
2713,0.99410
2714,0.99888
2715,0.99857
2716,0.03558
2717,0.07564
2718,0.99924
2719,0.00257
2720,0.99953
2721,0.98311
2722,0.00717
2723,0.99881
2724,0.00228
2725,0.04871
2726,0.99839
2727,0.00238
2728,0.99661
2729,0.99931
2730,0.00687
2731,0.35629
2732,0.86700
2733,0.00508
2734,0.99316
2735,0.99394
2736,0.01028
2737,0.00092
2738,0.53011
2739,0.27587
2740,0.00177
2741,0.00222
2742,0.00015
2743,0.00089
2744,0.99751
2745,0.99900
2746,0.03226
2747,0.99950
2748,0.00026
2749,0.00148
2750,0.00029
2751,0.59517
2752,0.00028
2753,0.95243
2754,0.54759
2755,0.00166
2756,0.79229
2757,0.11088
2758,0.00016
2759,0.99956
2760,0.94927
2761,0.00349
2762,0.29632
2763,0.99988
2764,0.99508
2765,0.02557
2766,0.99676
2767,0.98607
2768,0.00667
2769,0.98757
2770,0.00133
2771,0.68793
2772,0.69583
2773,0.97335
2774,0.00196
2775,0.97906
2776,0.96869
2777,0.99356
2778,0.99831
2779,0.00230
2780,0.96865
2781,0.00036
2782,0.99678
2783,0.00715
2784,0.99021
2785,0.00348
2786,0.00070
2787,0.00014
2788,0.00694
2789,0.00088
2790,0.00060
2791,0.00057
2792,0.99977
2793,0.00331
2794,0.01601
2795,0.99784
2796,0.00041
2797,0.00069
2798,0.99744
2799,0.00124
2800,0.59532
2801,0.98659
2802,0.99707
2803,0.99047
2804,0.00394
2805,0.00241
2806,0.00385
2807,0.99963
2808,0.00259
2809,0.99693
2810,0.99745
2811,0.63995
2812,0.99882
2813,0.99925
2814,0.99994
2815,0.88887
2816,0.01215
2817,0.90014
2818,0.00130
2819,0.63067
2820,0.00042
2821,0.99765
2822,0.99718
2823,0.04288
2824,0.73205
2825,0.91764
2826,0.99979
2827,0.00194
2828,0.99951
2829,0.00326
2830,0.99621
2831,0.02032
2832,0.99964
2833,0.00052
2834,0.95883
2835,0.02789
2836,0.99445
2837,0.00042
2838,0.00938
2839,0.99894
2840,0.00255
2841,0.99755
2842,0.99214
2843,0.00052
2844,0.99911
2845,0.00162
2846,0.02626
2847,0.72691
2848,0.00425
2849,0.66441
2850,0.99511
2851,0.88804
2852,0.99827
2853,0.88168
2854,0.99943
2855,0.00205
2856,0.00036
2857,0.99490
2858,0.00053
2859,0.13159
2860,0.00261
2861,0.95992
2862,0.85198
2863,0.00437
2864,0.98147
2865,0.00061
2866,0.99881
2867,0.00405
2868,0.00237
2869,0.00305
2870,0.00100
2871,0.01098
2872,0.99876
2873,0.00202
2874,0.00441
2875,0.98064
2876,0.96714
2877,0.99899
2878,0.26530
2879,0.99989
2880,0.00074
2881,0.99219
2882,0.98868
2883,0.00133
2884,0.00052
2885,0.99537
2886,0.00724
2887,0.71227
2888,0.99875
2889,0.99696
2890,0.99894
2891,0.00226
2892,0.03149
2893,0.92581
2894,0.00100
2895,0.02899
2896,0.99818
2897,0.01299
2898,0.01811
2899,0.00068
2900,0.99939
2901,0.99041
2902,0.00063
2903,0.00031
2904,0.00295
2905,0.60210
2906,0.99845
2907,0.99947
2908,0.00033
2909,0.00280
2910,0.86800
2911,0.92951
2912,0.00060
2913,0.99776
2914,0.99971
2915,0.67277
2916,0.99960
2917,0.00249
2918,0.09374
2919,0.99924
2920,0.00195
2921,0.00050
2922,0.00306
2923,0.79914
2924,0.01427
2925,0.00745
2926,0.99862
2927,0.01187
2928,0.00047
2929,0.99678
2930,0.99948
2931,0.04698
2932,0.98337
2933,0.00802
2934,0.99880
2935,0.00052
2936,0.00249
2937,0.00393
2938,0.00458
2939,0.98691
2940,0.00104
2941,0.10338
2942,0.00042
2943,0.02944
2944,0.10012
2945,0.99725
2946,0.00268
2947,0.99937
2948,0.99935
2949,0.99327
2950,0.00281
2951,0.01215
2952,0.03496
2953,0.00811
2954,0.00747
2955,0.00396
2956,0.00017
2957,0.99785
2958,0.96719
2959,0.97455
2960,0.99882
2961,0.01152
2962,0.89548
2963,0.98038
2964,0.10761
2965,0.99992
2966,0.35587
2967,0.89968
2968,0.96791
2969,0.00217
2970,0.00104
2971,0.00018
2972,0.97416
2973,0.00011
2974,0.60101
2975,0.00062
2976,0.00442
2977,0.01055
2978,0.00080
2979,0.00076
2980,0.99801
2981,0.00086
2982,0.00183
2983,0.70812
2984,0.00066
2985,0.05193
2986,0.99936
2987,0.00008
2988,0.00030
2989,0.00181
2990,0.99926
2991,0.02160
2992,0.00401
2993,0.00038
2994,0.99963
2995,0.01251
2996,0.01937
2997,0.00180
2998,0.00041
2999,0.11584
3000,0.00510
3001,0.00407
3002,0.00477
3003,0.95403
3004,0.00043
3005,0.97260
3006,0.91539
3007,0.11584
3008,0.00036
3009,0.00620
3010,0.00537
3011,0.00022
3012,0.28312
3013,0.00093
3014,0.77888
3015,0.00137
3016,0.00260
3017,0.97905
3018,0.71739
3019,0.00631
3020,0.00647
3021,0.99947
3022,0.00241
3023,0.00061
3024,0.00119
3025,0.00022
3026,0.00206
3027,0.00023
3028,0.00154
3029,0.00898
3030,0.00008
3031,0.99952
3032,0.00893
3033,0.02019
3034,0.98374
3035,0.99951
3036,0.99714
3037,0.99721
3038,0.99966
3039,0.00420
3040,0.00510
3041,0.85855
3042,0.99512
3043,0.00260
3044,0.10939
3045,0.01138
3046,0.99779
3047,0.09348
3048,0.00242
3049,0.98063
3050,0.99767
3051,0.99981
3052,0.00055
3053,0.01781
3054,0.00488
3055,0.68854
3056,0.00012
3057,0.00211
3058,0.00165
3059,0.99677
3060,0.98919
3061,0.98926
3062,0.00103
3063,0.75422
3064,0.99320
3065,0.99963
3066,0.10235
3067,0.84144
3068,0.97184
3069,0.00096
3070,0.18391
3071,0.99989
3072,0.00486
3073,0.99970
3074,0.00043
3075,0.00274
3076,0.01511
3077,0.00125
3078,0.99998
3079,0.00041
3080,0.99376
3081,0.11339
3082,0.99782
3083,0.38155
3084,0.99926
3085,0.99919
3086,0.99777
3087,0.99773
3088,0.33962
3089,0.00010
3090,0.00153
3091,0.99880
3092,0.99170
3093,0.99979
3094,0.00116
3095,0.00018
3096,0.00007
3097,0.15351
3098,0.00256
3099,0.97017
3100,0.00329
3101,0.99537
3102,0.99524
3103,0.01303
3104,0.00033
3105,0.98321
3106,0.99990
3107,0.99343
3108,0.99913
3109,0.64254
3110,0.99943
3111,0.99118
3112,0.13182
3113,0.97447
3114,0.99959
3115,0.87234
3116,0.99864
3117,0.00225
3118,0.30780
3119,0.43218
3120,0.00678
3121,0.00142
3122,0.00115
3123,0.97590
3124,0.99685
3125,0.99968
3126,0.00310
3127,0.00076
3128,0.03748
3129,0.00223
3130,0.79522
3131,0.57746
3132,0.95894
3133,0.00043
3134,0.00036
3135,0.07399
3136,0.64259
3137,0.00634
3138,0.00439
3139,0.01942
3140,0.02185
3141,0.04845
3142,0.02527
3143,0.99416
3144,0.99952
3145,0.00269
3146,0.00026
3147,0.00049
3148,0.00053
3149,0.99200
3150,0.01807
3151,0.55265
3152,0.00027
3153,0.00056
3154,0.99828
3155,0.00049
3156,0.01132
3157,0.00422
3158,0.00075
3159,0.00355
3160,0.04192
3161,0.06409
3162,0.00073
3163,0.00076
3164,0.00773
3165,0.92544
3166,0.00504
3167,0.05368
3168,0.06751
3169,0.00127
3170,0.00156
3171,0.03206
3172,0.99725
3173,0.00092
3174,0.00561
3175,0.01740
3176,0.97323
3177,0.00282
3178,0.20111
3179,0.00033
3180,0.99889
3181,0.00195
3182,0.00557
3183,0.00039
3184,0.35346
3185,0.00056
3186,0.00126
3187,0.33805
3188,0.02174
3189,0.00404
3190,0.87346
3191,0.00327
3192,0.47698
3193,0.01275
3194,0.81989
3195,0.99908
3196,0.03550
3197,0.09791
3198,0.00623
3199,0.00102
3200,0.00178
3201,0.00086
3202,0.95545
3203,0.99922
3204,0.65983
3205,0.01827
3206,0.99949
3207,0.99604
3208,0.00147
3209,0.62611
3210,0.99957
3211,0.86671
3212,0.00093
3213,0.97751
3214,0.71181
3215,0.02675
3216,0.02221
3217,0.02537
3218,0.99112
3219,0.99930
3220,0.99961
3221,0.00043
3222,0.00220
3223,0.00583
3224,0.94763
3225,0.83776
3226,0.98289
3227,0.00043
3228,0.99139
3229,0.02365
3230,0.20189
3231,0.99964
3232,0.99500
3233,0.00083
3234,0.00049
3235,0.00473
3236,0.73542
3237,0.07040
3238,0.03199
3239,0.49023
3240,0.99852
3241,0.00030
3242,0.99721
3243,0.99898
3244,0.00118
3245,0.96197
3246,0.00121
3247,0.00733
3248,0.99867
3249,0.39423
3250,0.00058
3251,0.99750
3252,0.00169
3253,0.00062
3254,0.99970
3255,0.99919
3256,0.00237
3257,0.00149
3258,0.02324
3259,0.99984
3260,0.98552
3261,0.00457
3262,0.00586
3263,0.88781
3264,0.99918
3265,0.02142
3266,0.99984
3267,0.03572
3268,0.99081
3269,0.92214
3270,0.29637
3271,0.04576
3272,0.01498
3273,0.00025
3274,0.38800
3275,0.00387
3276,0.96137
3277,0.00129
3278,0.00144
3279,0.00679
3280,0.00049
3281,0.99889
3282,0.98922
3283,0.98708
3284,0.00025
3285,0.99673
3286,0.77031
3287,0.96091
3288,0.00200
3289,0.00016
3290,0.99983
3291,0.98906
3292,0.01210
3293,0.01540
3294,0.92505
3295,0.06540
3296,0.96774
3297,0.00189
3298,0.97658
3299,0.00590
3300,0.14024
3301,0.94474
3302,0.99918
3303,0.99954
3304,0.00192
3305,0.99838
3306,0.99952
3307,0.97097
3308,0.99990
3309,0.99974
3310,0.00832
3311,0.00219
3312,0.00054
3313,0.00743
3314,0.00406
3315,0.99846
3316,0.62932
3317,0.02750
3318,0.00083
3319,0.00210
3320,0.00058
3321,0.99068
3322,0.00224
3323,0.00035
3324,0.00254
3325,0.00020
3326,0.99837
3327,0.99963
3328,0.00392
3329,0.11584
3330,0.00293
3331,0.99967
3332,0.00102
3333,0.00131
3334,0.99943
3335,0.00845
3336,0.99977
3337,0.91818
3338,0.95392
3339,0.00113
3340,0.99822
3341,0.92866
3342,0.54838
3343,0.84222
3344,0.00516
3345,0.07166
3346,0.99897
3347,0.98956
3348,0.99912
3349,0.83811
3350,0.99975
3351,0.00093
3352,0.06783
3353,0.00013
3354,0.98419
3355,0.24113
3356,0.00083
3357,0.00037
3358,0.00134
3359,0.00940
3360,0.99117
3361,0.00140
3362,0.03256
3363,0.00079
3364,0.00010
3365,0.99983
3366,0.10518
3367,0.89476
3368,0.99924
3369,0.99676
3370,0.86834
3371,0.66873
3372,0.00327
3373,0.84411
3374,0.98858
3375,0.72888
3376,0.00431
3377,0.00493
3378,0.00156
3379,0.83312
3380,0.00105
3381,0.99273
3382,0.02027
3383,0.98120
3384,0.99746
3385,0.99924
3386,0.00032
3387,0.00174
3388,0.99893
3389,0.82310
3390,0.00150
3391,0.88504
3392,0.74243
3393,0.94982
3394,0.99962
3395,0.99653
3396,0.00081
3397,0.99568
3398,0.04388
3399,0.99655
3400,0.99898
3401,0.99945
3402,0.99092
3403,0.87746
3404,0.07517
3405,0.99946
3406,0.00169
3407,0.67607
3408,0.99726
3409,0.00540
3410,0.00055
3411,0.99940
3412,0.99781
3413,0.99495
3414,0.01240
3415,0.98710
3416,0.97369
3417,0.22873
3418,0.95506
3419,0.00380
3420,0.99618
3421,0.00102
3422,0.00161
3423,0.99412
3424,0.00326
3425,0.37924
3426,0.54209
3427,0.00263
3428,0.00243
3429,0.00181
3430,0.00307
3431,0.80346
3432,0.63755
3433,0.11584
3434,0.00347
3435,0.99691
3436,0.09229
3437,0.00265
3438,0.00242
3439,0.00066
3440,0.55317
3441,0.00236
3442,0.01423
3443,0.00132
3444,0.00693
3445,0.00212
3446,0.20056
3447,0.00020
3448,0.00292
3449,0.11584
3450,0.99884
3451,0.99963
3452,0.42494
3453,0.99778
3454,0.00321
3455,0.99928
3456,0.01008
3457,0.99989
3458,0.99971
3459,0.63733
3460,0.00081
3461,0.99863
3462,0.11584
3463,0.52252
3464,0.07201
3465,0.05634
3466,0.99979
3467,0.00012
3468,0.99964
3469,0.98379
3470,0.06462
3471,0.06639
3472,0.00320
3473,0.00206
3474,0.00243
3475,0.00165
3476,0.99859
3477,0.99944
3478,0.00031
3479,0.99964
3480,0.99810
3481,0.00421
3482,0.99988
3483,0.00555
3484,0.00072
3485,0.00897
3486,0.00865
3487,0.28389
3488,0.70983
3489,0.75812
3490,0.00084
3491,0.00051
3492,0.00421
3493,0.99601
3494,0.00083
3495,0.99864
3496,0.70599
3497,0.79382
3498,0.00209
3499,0.00117
3500,0.00174
3501,0.92135
3502,0.00327
3503,0.99860
3504,0.95143
3505,0.82801
3506,0.99991
3507,0.00783
3508,0.00030
3509,0.98745
3510,0.98197
3511,0.01525
3512,0.00185
3513,0.11584
3514,0.00056
3515,0.00363
3516,0.99334
3517,0.62885
3518,0.03278
3519,0.00220
3520,0.00689
3521,0.45668
3522,0.00109
3523,0.34707
3524,0.06096
3525,0.99597
3526,0.99035
3527,0.11520
3528,0.96695
3529,0.00047
3530,0.02774
3531,0.00775
3532,0.00154
3533,0.00021
3534,0.00127
3535,0.97622
3536,0.00053
3537,0.00103
3538,0.15782
3539,0.94459
3540,0.00025
3541,0.00251
3542,0.00058
3543,0.00146
3544,0.00040
3545,0.00167
3546,0.24911
3547,0.00151
3548,0.00018
3549,0.97718
3550,0.99362
3551,0.10413
3552,0.89267
3553,0.00593
3554,0.00093
3555,0.11931
3556,0.99978
3557,0.04770
3558,0.99901
3559,0.83181
3560,0.96775
3561,0.99848
3562,0.03207
3563,0.87627
3564,0.98268
3565,0.99958
3566,0.99789
3567,0.99937
3568,0.01661
3569,0.96368
3570,0.23041
3571,0.00033
3572,0.92516
3573,0.99379
3574,0.98293
3575,0.78447
3576,0.00010
3577,0.00360
3578,0.99947
3579,0.15444
3580,0.99539
3581,0.99689
3582,0.99971
3583,0.64288
3584,0.00196
3585,0.00029
3586,0.81385
3587,0.96052
3588,0.99791
3589,0.30483
3590,0.96282
3591,0.24081
3592,0.01258
3593,0.00145
3594,0.93668
3595,0.35251
3596,0.99995
3597,0.72141
3598,0.00807
3599,0.02461
3600,0.06998
3601,0.99986
3602,0.00169
3603,0.99779
3604,0.57882
3605,0.17996
3606,0.15148
3607,0.03080
3608,0.00495
3609,0.00063
3610,0.00070
3611,0.90331
3612,0.77483
3613,0.98676
3614,0.99235
3615,0.00180
3616,0.00409
3617,0.98352
3618,0.24743
3619,0.82823
3620,0.01240
3621,0.00081
3622,0.58000
3623,0.00800
3624,0.00070
3625,0.00201
3626,0.02610
3627,0.00214
3628,0.99990
3629,0.00147
3630,0.99989
3631,0.48420
3632,0.99731
3633,0.01444
3634,0.02665
3635,0.99955
3636,0.02775
3637,0.99784
3638,0.06042
3639,0.48838
3640,0.99947
3641,0.97543
3642,0.99108
3643,0.00284
3644,0.89542
3645,0.02545
3646,0.00333
3647,0.00101
3648,0.05702
3649,0.00933
3650,0.99931
3651,0.09772
3652,0.96672
3653,0.98145
3654,0.01859
3655,0.00027
3656,0.99758
3657,0.02960
3658,0.02033
3659,0.19664
3660,0.00359
3661,0.01374
3662,0.99810
3663,0.13389
3664,0.97241
3665,0.00241
3666,0.99727
3667,0.08821
3668,0.00675
3669,0.04345
3670,0.58643
3671,0.91897
3672,0.51693
3673,0.99975
3674,0.02421
3675,0.11584
3676,0.01293
3677,0.99986
3678,0.92260
3679,0.00137
3680,0.04155
3681,0.01894
3682,0.99880
3683,0.04715
3684,0.00309
3685,0.02619
3686,0.02009
3687,0.02248
3688,0.01207
3689,0.00086
3690,0.99877
3691,0.08666
3692,0.51013
3693,0.00109
3694,0.00010
3695,0.01366
3696,0.11584
3697,0.99382
3698,0.00135
3699,0.03842
3700,0.69058
3701,0.00116
3702,0.11584
3703,0.99920
3704,0.14624
3705,0.00574
3706,0.00942
3707,0.00177
3708,0.00206
3709,0.11584
3710,0.08303
3711,0.99977
3712,0.96295
3713,0.00426
3714,0.11584
3715,0.01311
3716,0.00019
3717,0.99901
3718,0.12784
3719,0.00235
3720,0.98440
3721,0.17788
3722,0.00741
3723,0.00226
3724,0.99657
3725,0.00225
3726,0.98615
3727,0.00037
3728,0.99768
3729,0.99798
3730,0.01018
3731,0.00023
3732,0.00027
3733,0.00107
3734,0.98900
3735,0.00475
3736,0.02491
3737,0.99832
3738,0.00193
3739,0.87607
3740,0.00162
3741,0.00174
3742,0.00056
3743,0.00014
3744,0.99759
3745,0.01420
3746,0.00297
3747,0.00096
3748,0.00911
3749,0.01084
3750,0.00028
3751,0.00767
3752,0.98896
3753,0.11584
3754,0.00043
3755,0.99756
3756,0.99913
3757,0.00538
3758,0.00275
3759,0.98338
3760,0.04997
3761,0.99737
3762,0.42330
3763,0.99423
3764,0.00155
3765,0.99906
3766,0.99895
3767,0.00098
3768,0.98110
3769,0.00214
3770,0.23817
3771,0.11584
3772,0.00050
3773,0.01463
3774,0.11552
3775,0.99271
3776,0.97457
3777,0.00873
3778,0.98992
3779,0.98100
3780,0.98288
3781,0.00030
3782,0.00293
3783,0.10418
3784,0.00041
3785,0.00519
3786,0.18691
3787,0.00017
3788,0.98734
3789,0.00383
3790,0.00236
3791,0.43533
3792,0.06128
3793,0.06587
3794,0.00152
3795,0.00084
3796,0.00142
3797,0.99936
3798,0.13354
3799,0.00472
3800,0.21359
3801,0.47385
3802,0.09349
3803,0.97454
3804,0.65649
3805,0.99914
3806,0.00032
3807,0.00253
3808,0.00321
3809,0.00143
3810,0.00023
3811,0.00044
3812,0.00108
3813,0.65010
3814,0.00963
3815,0.00062
3816,0.03677
3817,0.63014
3818,0.00182
3819,0.00082
3820,0.32062
3821,0.98030
3822,0.00271
3823,0.99962
3824,0.97449
3825,0.00240
3826,0.99887
3827,0.54960
3828,0.00029
3829,0.00615
3830,0.00030
3831,0.99989
3832,0.00223
3833,0.00132
3834,0.99763
3835,0.00096
3836,0.00041
3837,0.00808
3838,0.77547
3839,0.00542
3840,0.26519
3841,0.00269
3842,0.07493
3843,0.00324
3844,0.99933
3845,0.58231
3846,0.00447
3847,0.00860
3848,0.13443
3849,0.98641
3850,0.02605
3851,0.99581
3852,0.50109
3853,0.00119
3854,0.00169
3855,0.04832
3856,0.01046
3857,0.00066
3858,0.00109
3859,0.58550
3860,0.99828
3861,0.99988
3862,0.98030
3863,0.01369
3864,0.90682
3865,0.96731
3866,0.00821
3867,0.86941
3868,0.00199
3869,0.99844
3870,0.00149
3871,0.10804
